{"cameraMode":{"drawMode":0,"name":"Shaded","section":"Shading Mode"},"sceneLighting":false,"audioPlay":false,"sceneViewState":{"m_AlwaysRefresh":false,"showFog":true,"showSkybox":false,"showFlares":true,"showImageEffects":true,"showParticleSystems":true,"showVisualEffectGraphs":true,"m_FxEnabled":true},"in2DMode":false,"pivot":{"x":-28.102073669433595,"y":17.173931121826173,"z":252.5704345703125},"rotation":{"x":-0.01830832101404667,"y":0.00509641645476222,"z":-0.00009331556793767959,"w":-0.9998189210891724},"size":308.4131774902344,"orthographic":false}